22,23,21,20,22,21,20,21,21,21,20,21,23,23,22,21,20,23,22,22,22,23,21,22
44,41,47,43,46,41,46,45,44,46,40,48,45,42,48,47,43,43,42,43,41,48,42,46,47,47,46,40,45,45,43,45,46,40,45,45,42,44,48,45,43,41,44,42,47,41,44,44,42
61,63,65,66,73,64,66,67,68,61,70,64,62,61,67,61,67,70,66,70,64,60,70,66,60,64,67,66,68,66,62,72,68,60,67,67,70,67,73,70,71,60,60,69,71,63,66,71,69,73,65,68,70,73,68,66,61,73,70,60,64,70,64,66,71,61,67,60,60,70,65,61,64,63
97,90,97,83,82,80,93,87,87,80,90,95,86,80,82,95,98,87,98,83,96,98,88,88,91,80,83,82,84,95,94,94,91,94,96,89,85,93,91,87,80,96,91,80,92,94,82,94,88,88,91,89,83,88,85,86,97,97,97,94,86,86,89,97,91,89,88,90,94,91,91,95,80,86,85,88,94,98,98,87,89,90,91,82,89,92,80,96,97,93,81,86,90,80,94,96,93,90,85
103,118,102,114,104,110,110,109,118,118,118,116,112,121,117,123,109,122,104,111,100,115,111,109,104,101,123,117,104,102,114,102,113,103,113,100,107,118,110,115,116,118,123,118,120,113,109,117,111,107,121,114,113,119,120,103,110,117,122,100,120,101,115,108,114,118,100,119,106,106,105,120,116,103,106,102,112,102,118,100,102,110,104,103,108,114,120,117,101,118,113,111,110,121,116,107,119,118,123,116,117,102,113,112,100,101,110,101,102,107,108,113,107,111,100,122,102,110,100,121,121,106,105,109
133,122,138,131,146,123,136,141,121,138,145,142,129,129,139,143,124,143,145,143,148,142,144,141,146,123,148,129,144,124,124,121,139,144,128,135,122,134,128,146,147,147,147,147,140,131,126,135,125,147,139,142,134,130,124,125,140,144,131,148,123,141,126,128,126,122,130,147,148,125,140,148,133,143,130,125,146,146,144,141,140,131,140,145,132,146,142,136,127,138,133,133,146,121,140,139,124,121,144,123,141,130,126,144,121,130,146,134,148,137,129,145,142,131,139,126,145,127,131,148,147,142,137,144,141,133,120,120,132,142,128,120,137,144,133,124,147,129,146,130,141,120,145,137,148,133,125,125,140
158,149,146,169,164,144,157,141,140,154,158,163,156,173,143,169,164,153,159,152,143,145,169,162,166,157,165,173,157,141,148,159,164,167,168,173,146,162,153,164,163,145,153,167,142,171,160,141,166,168,143,152,160,166,161,160,151,150,140,152,147,164,152,171,145,163,168,158,148,158,166,151,142,159,160,145,153,140,140,141,172,159,140,169,164,171,157,142,141,162,140,143,154,152,148,169,168,172,150,152,166,162,142,170,168,145,148,157,168,148,144,145,149,142,146,154,157,160,142,166,162,160,160,163,142,173,162,165,144,140,141,164,157,168,151,164,172,145,171,153,142,140,155,152,158,146,148,158,165,141,155,165,164,167,148,161,144,167,143,148,147,144,154,157,166,160,155,145,170,151,162,169,143,152
191,185,186,183,183,160,191,167,171,178,164,174,167,193,170,179,194,163,179,178,177,196,170,191,167,175,182,167,184,167,194,187,172,173,166,166,194,168,196,198,192,196,174,185,185,196,192,183,183,184,191,162,166,198,166,182,165,179,169,198,168,163,184,194,194,197,169,195,167,194,185,193,187,185,176,195,174,194,173,195,181,164,177,182,195,185,169,177,167,176,190,174,160,176,163,177,196,162,180,163,169,182,164,194,177,169,174,163,184,184,163,181,196,188,175,177,186,172,160,163,162,185,182,196,189,187,172,187,167,190,198,170,162,167,178,163,194,180,168,165,172,196,196,179,182,163,176,166,163,178,190,188,165,183,167,182,163,164,173,161,160,162,175,166,186,173,161,170,181,189,188,198,168,182,171,185,165,170,164,180,160,195,166,164,166,192,177,179,176,187,169,173,182,164,181,198,197,198,180
216,204,181,188,185,205,207,217,186,188,183,192,191,196,181,214,189,189,185,206,217,182,215,210,200,221,191,215,194,206,217,210,185,191,220,208,180,183,220,183,203,192,206,200,209,212,211,212,197,219,216,214,190,200,203,192,222,220,207,206,182,183,192,206,191,189,196,197,192,185,206,212,191,221,216,212,203,198,210,193,192,184,203,216,223,191,207,184,181,212,203,200,196,205,211,216,197,218,212,187,196,213,190,199,200,210,213,201,198,196,219,186,214,221,207,223,184,222,194,187,217,206,197,203,194,191,180,211,192,194,207,204,210,216,196,205,217,217,219,208,193,206,185,181,199,197,217,186,209,219,217,213,196,202,199,216,220,191,180,199,206,211,221,190,185,209,208,202,221,206,206,204,189,187,186,206,200,183,210,219,208,204,209,213,192,200,216,185,197,188,189,223,223,185,220,196,199,185,217,203,207,223,195,222,187,182,219,190,203,183,222,206,184,192,197,218,183,181,203,189,221,184,187,200
240,237,220,241,233,229,219,216,210,232,204,234,205,236,218,228,212,240,215,236,212,232,203,234,242,234,228,224,235,202,216,230,229,217,226,212,213,235,242,245,248,200,212,232,216,242,204,230,213,233,240,224,248,237,218,213,231,226,201,205,218,214,227,216,209,202,204,201,234,230,200,235,223,209,214,228,243,224,217,221,205,202,203,216,225,224,240,217,229,209,242,237,227,221,209,239,246,222,206,215,207,235,226,233,219,235,203,234,228,215,222,202,246,231,240,203,236,220,248,222,227,201,237,229,246,248,240,246,232,229,206,226,213,242,213,224,208,205,246,208,220,240,238,228,213,228,233,240,241,211,219,204,245,244,209,240,202,237,228,221,241,202,248,222,230,209,203,236,248,225,212,201,225,242,214,228,236,228,212,211,212,247,214,218,201,235,232,234,242,202,244,243,236,206,202,212,232,221,241,207,237,241,241,232,247,232,241,239,225,204,214,219,200,207,218,233,227,200,201,216,208,226,203,231,238,240,210,223,246,214,202,217,240,226,239,218,220,220,245,213,225,235,205,247,247,227,207,234,226
226,242,271,242,236,234,254,228,224,256,244,223,229,260,273,252,230,235,247,226,245,236,224,226,228,261,263,261,260,246,264,249,271,267,231,231,224,272,247,238,227,261,251,245,268,235,234,239,252,246,223,231,248,234,262,251,273,229,259,256,254,258,265,248,273,237,272,253,248,256,231,239,237,226,263,228,228,253,234,252,256,227,257,226,251,270,259,253,235,230,226,221,236,245,254,240,228,236,254,234,265,248,233,262,253,252,220,242,273,244,226,244,256,244,251,224,234,257,228,257,246,273,232,258,232,225,237,266,264,221,233,239,270,265,269,245,256,237,262,254,243,261,250,243,236,263,223,268,253,265,261,261,220,240,240,259,251,262,233,231,231,226,271,224,222,249,240,229,244,241,253,260,265,239,234,226,254,251,221,256,233,256,248,229,248,255,238,245,228,268,246,230,235,266,263,246,227,258,267,228,273,250,269,252,225,243,230,252,258,229,263,233,226,264,272,249,260,268,241,262,229,238,224,255,227,231,240,222,252,249,247,257,241,231,270,237,260,248,252,240,265,221,246,261,248,256,233,249,252,268,238,241,222,259,226,259,260,225,247,232,261,272,224,246,273,236,270,252,242,260,270,237,225,266
292,292,256,288,260,249,260,295,268,297,283,274,296,251,257,290,247,269,296,285,252,278,242,253,241,252,242,254,260,292,276,240,282,261,244,256,288,251,294,249,250,297,248,294,264,241,268,290,278,283,278,274,277,278,291,292,276,292,292,287,266,254,281,286,297,281,285,294,254,296,248,283,245,284,265,276,287,280,262,240,248,280,262,242,270,276,285,253,275,278,293,275,258,259,280,282,285,245,260,243,251,250,296,274,268,262,272,252,286,261,261,251,285,243,241,285,245,250,289,294,241,247,294,268,240,249,297,243,283,241,291,257,272,265,261,285,279,295,270,294,266,248,267,255,258,277,261,258,292,275,298,270,290,269,296,241,263,283,245,243,273,280,240,296,266,269,255,248,266,278,269,292,281,287,297,245,272,241,255,261,278,250,296,264,271,268,272,243,286,273,284,279,268,240,243,293,275,242,272,267,262,296,278,252,260,249,260,253,270,297,248,298,291,286,253,289,279,276,262,263,261,292,257,267,245,293,285,242,244,281,243,264,262,262,276,255,275,248,291,275,293,240,280,295,249,274,285,291,271,242,255,275,244,263,288,286,268,297,267,271,260,273,257,281,272,266,264,264,269,256,245,274,247,241,276,279,279,270,271,274,275,293,248,244,257,262,246,266,264,274,256,296,259,253,292,264,285,251,251
266,312,303,296,294,291,310,303,265,284,262,291,292,271,280,296,318,268,283,321,307,312,314,283,275,265,278,303,267,294,318,283,284,263,262,298,306,291,283,271,288,272,307,307,310,307,296,279,322,316,269,268,300,273,323,289,313,302,296,302,299,306,320,267,263,299,275,289,284,306,314,278,295,285,321,308,260,319,311,275,302,282,312,267,297,302,269,300,311,265,266,321,283,296,303,274,283,280,269,272,315,314,317,298,306,268,265,290,306,303,267,278,321,319,291,282,323,278,295,268,297,322,300,298,321,262,317,262,294,260,280,263,261,296,289,317,320,298,314,273,268,271,269,298,308,304,297,308,273,281,286,264,304,290,306,261,315,275,263,291,302,279,279,282,268,292,304,299,304,297,297,306,298,286,302,301,261,263,278,315,306,278,284,321,309,309,268,280,279,287,273,299,305,301,286,287,305,263,272,315,295,274,310,285,278,291,266,277,323,303,286,269,303,297,294,315,273,311,286,290,283,319,277,311,284,300,281,284,298,279,307,300,298,271,298,305,266,282,292,323,290,277,285,293,283,284,295,308,270,277,297,307,321,280,320,301,277,282,285,310,265,298,299,320,289,263,278,283,282,322,293,302,296,267,301,279,262,303,317,283,289,268,298,264,301,310,305,291,308,275,270,290,318,294,263,271,323,284,269,308,287,289,289,286,271,273,308,296,323,269,318,323,312,268,300,281,300,288,275,284,269,321,306,302
280,303,287,344,348,306,323,292,297,328,320,335,292,281,291,321,301,345,348,312,315,347,299,312,341,337,341,324,291,288,302,337,319,344,316,295,294,305,293,334,314,331,305,311,310,291,333,316,300,292,293,309,308,298,282,298,323,339,309,313,324,296,310,328,299,334,341,302,332,284,328,290,334,282,336,339,327,308,290,283,320,348,319,312,304,315,333,308,307,318,313,346,297,347,318,338,295,291,337,336,320,291,348,344,302,294,283,309,295,327,291,285,308,333,323,324,330,290,284,337,340,348,287,299,322,309,337,317,297,316,331,286,344,307,310,324,297,325,345,283,284,302,347,339,295,284,329,311,335,315,346,297,332,328,341,346,326,303,327,308,328,319,285,306,327,320,293,281,300,320,334,339,321,311,333,333,329,324,341,306,319,287,314,305,313,327,322,296,285,286,338,322,312,327,325,325,289,343,340,294,324,336,298,292,333,339,347,345,321,288,329,294,308,288,345,341,293,294,346,285,298,300,288,299,323,321,319,305,344,326,283,317,290,335,302,319,282,325,333,303,346,319,347,283,293,289,335,338,293,326,336,289,314,302,288,282,310,322,343,314,314,340,322,299,344,333,296,347,290,315,300,312,310,348,296,315,342,291,290,318,321,329,288,304,334,309,347,320,318,282,325,292,343,337,284,286,280,306,345,343,313,317,317,317,332,284,306,300,326,295,294,299,293,315,285,315,302,325,314,318,306,322,292,306,296,339,281,341,307,284,284,333,311,334,336,330,282,297,323,343,310,286,288,315,305,295,295,317,313
364,334,347,312,322,324,369,305,373,307,355,311,330,350,344,357,317,364,309,322,365,367,304,302,300,342,314,361,363,373,351,318,363,327,333,302,367,340,313,336,315,345,362,307,344,353,357,336,373,356,342,307,360,362,352,300,350,344,314,323,301,371,368,351,329,363,331,336,354,352,312,341,338,372,310,334,373,362,343,367,332,349,368,327,352,317,368,305,351,349,329,306,310,344,363,344,354,341,362,338,356,364,337,340,369,351,300,368,323,332,367,364,347,303,319,352,372,317,369,364,324,305,337,319,327,371,340,357,308,357,363,306,314,373,303,327,326,323,368,301,317,370,338,360,337,336,370,346,337,363,349,312,321,336,335,361,302,309,331,365,315,331,363,301,349,332,301,327,337,370,367,309,322,339,346,352,320,347,343,314,340,335,339,303,360,372,343,320,342,338,343,356,313,332,322,369,367,318,325,304,338,368,349,316,350,313,333,304,365,312,306,313,331,369,350,348,367,331,336,300,317,334,368,321,327,317,337,339,347,312,362,342,352,336,320,364,306,368,356,305,331,309,304,305,368,328,328,356,358,354,323,346,323,303,344,360,355,370,358,310,323,325,334,338,319,305,301,344,303,329,341,363,372,315,301,373,365,355,315,352,361,352,347,362,360,337,352,369,351,351,305,361,368,354,360,330,365,303,355,370,327,327,367,335,347,373,312,303,362,348,344,305,360,310,330,350,373,356,346,311,314,308,311,339,353,312,345,319,309,306,354,324,326,357,322,320,327,313,354,362,336,324,344,354,367,333,322,351,315,335,369,327,336,353,306,353,335,319,360,314,347,304,318,300,302,360,357,316,325,347,331,361,335,301
364,345,374,334,336,345,358,356,356,336,333,326,349,351,395,385,335,322,378,325,373,369,369,389,358,391,386,351,357,377,335,397,386,352,373,375,360,365,387,369,346,394,320,342,378,352,335,374,335,370,336,376,327,360,391,325,349,361,387,341,369,325,376,390,390,377,378,322,324,398,364,343,347,331,376,374,398,322,376,353,369,363,387,383,322,379,374,321,332,397,325,338,346,378,369,331,368,365,336,397,332,382,338,325,351,361,382,392,335,365,366,377,387,348,369,368,345,398,351,366,346,380,337,330,390,365,353,392,364,333,355,357,328,392,328,360,384,368,383,388,371,335,390,395,344,382,353,367,373,343,370,335,337,388,365,343,362,394,389,346,385,345,370,355,380,355,354,343,367,392,338,329,361,377,373,360,338,372,383,390,347,349,332,327,372,359,385,354,361,340,348,331,382,394,361,390,334,366,353,377,382,347,327,346,326,347,342,394,374,352,372,332,367,393,374,376,340,326,391,371,327,390,344,368,393,369,341,333,359,379,385,385,354,337,382,339,334,320,349,382,337,346,350,391,350,385,394,378,376,390,362,341,388,359,383,353,374,346,334,365,327,348,330,333,365,327,333,371,360,334,336,388,357,388,369,384,369,387,349,347,359,369,359,338,374,331,344,385,364,357,357,364,343,358,322,385,382,386,361,355,359,353,389,340,338,392,365,377,390,343,395,335,380,379,370,345,386,364,341,398,385,371,336,394,328,395,354,340,333,338,393,371,383,379,373,348,384,343,378,346,320,397,368,332,380,354,396,336,385,336,331,395,396,327,349,378,325,379,335,324,326,338,331,368,320,387,363,366,357,372,368,364,386,330,394,356,385,373,382,338,376,386,373,356,326,371,324,385,374,351,398,362,386,386,335,337,331,320,397
